ground truth	prediction
3.4262634277343773	2.8921378
0.0	0.118670814
0.0	0.12369913
19.16001586914063	24.293324
0.0	0.12842752
0.0	0.24533364
131.8760681152345	133.8699
0.0	0.14034612
0.0	0.20817974
33.38975982666018	32.63
0.0	0.31126204
19.5966016981337	23.076664
0.0	0.24968289
33.81895446777343	29.95779
0.0	0.3948905
0.0	0.12469602
0.0	0.13555108
0.0	0.13117714
0.0	0.13078071
0.7308476765950521	0.5580664
0.0	0.1327491
0.0	0.13599095
0.0	0.1347269
63.98171691894534	61.641273
0.0	0.22150028
0.0	0.24932255
0.0	0.123906836
4.255459594726561	3.0375319
0.0	0.11058883
168.1313919067385	168.0184
0.0	0.22549778
128.155128479004	130.6706
60.52918243408205	61.621044
166.532611846924	178.7363
198.24347686767572	198.50566
0.0	0.33290368
0.0	0.115626864
37.100860595703125	37.36313
0.0	0.22156689
0.0	0.15291052
0.0	0.1313495
0.0	0.32432204
74.68726959228516	82.44583
0.0	0.11082268
172.00737609863296	174.7246
143.17740020751987	141.59384
5.85393981933594	7.697268
30.100027465820325	26.215303
202.3028671264648	198.47165
0.0	0.123778164
202.5904586791993	200.15228
0.0	0.21565148
0.0	0.1565145
0.0	0.2210707
0.0	0.16851892
32.9847106933594	34.88597
0.0	0.26898587
190.15462578667533	197.15515
96.06478118896491	105.184715
0.0	0.18635525
0.0	0.30633748
0.0	0.35838735
136.72167816162124	138.36479
31.794013977050785	33.25033
94.8858505249024	96.94109
190.2078201293947	192.99997
14.94038696289062	16.37707
181.35914103190115	180.47888
20.078955078125023	22.106651
0.0	0.13125344
0.0	0.16392782
0.0	0.1968264
0.7368927001953129	0.19964945
24.99023437500001	24.54646
0.0	0.26070946
0.0	0.12791538
0.0	0.2142858
156.75181732177762	158.6867
0.0	0.29425985
0.0	0.20718591
0.0	0.112089366
0.0	0.1356033
0.0	0.13404235
190.0438766479492	193.16338
159.83734893798857	161.4916
75.2548522949219	77.95964
0.0	0.3399593
0.0	0.20093429
0.0	0.31794947
186.58147345648865	191.51242
0.0	0.12976171
0.0	0.30823952
0.0	0.16183192
39.81321105957031	41.511543
18.08232574462891	22.710512
0.0	0.13604072
0.0	0.20356989
0.0	0.2541433
0.5213119506835939	0.28700268
142.2509536743163	143.08434
188.39415435791008	190.48662
0.0	0.4670955
0.0	0.1340502
140.7535552978517	140.81747
0.0	0.11032255
116.38298950195306	121.43415
0.0	0.118072525
192.5230468750001	196.75294
174.0835388183593	164.30391
0.0	0.35586637
78.8927963256836	83.81821
159.10119628906267	155.31647
0.0	0.1486563
6.539814758300781	3.9011376
149.57671271430135	149.99452
179.2062362670898	182.1575
169.37391357421888	173.85196
0.0	0.11526278
0.0	0.28011423
15.29495239257815	26.253828
13.48204650878908	18.651793
0.0	0.24437813
60.27042846679698	62.81015
0.0	0.12887916
0.0	0.114876516
0.0	0.12160929
0.0	0.35029256
77.5014526367187	78.855484
145.5240325927735	146.40208
27.277420043945305	27.897131
0.0	0.103981525
0.0	0.11013913
63.66776885986329	69.71762
172.6797958374025	175.182
0.0	0.112940356
83.40347137451174	87.89605
180.7672973632814	178.94676
18.16414031982425	20.99906
25.458103942871134	26.18751
104.79486389160158	108.380875
0.0	0.25991124
0.0	0.19023609
0.0	0.18704574
0.0	0.22488198
0.0	0.15648451
100.18307800292972	102.45765
0.0	0.11301747
136.5588134765627	135.08012
0.0	0.22099847
8.777180480957039	18.700537
0.0	0.4534431
0.0	0.21295018
0.0	0.145296
38.18100433349609	42.714764
0.7035369873046876	0.25799528
49.577934265136726	54.684456
0.0	0.115185186
0.0	0.21037282
1.518768310546875	0.6034152
0.0	0.14390309
6.237977600097659	1.9031664
0.7567240397135416	0.20579857
0.0	0.20187947
39.76485443115236	39.778584
202.202670288086	199.90675
0.0	0.27624464
17.9097900390625	19.616964
0.0	0.10601076
0.0	0.23373677
0.0	0.11748552
0.0	0.15361975
0.0	0.22369635
0.0	0.22138476
23.237950134277348	23.160505
6.103831481933594	12.065312
0.0	0.10807304
0.0	0.22893772
0.0	0.13008165
0.7597325642903646	0.4271128
0.0	0.14052542
0.0	0.16953827
0.0	0.28658527
18.73936614990234	19.307222
2.250656127929689	1.7461252
11.304327392578154	18.253773
0.0	0.1693114
44.573179626464864	54.61503
107.15603485107434	109.99868
0.0	0.23935741
200.6355163574221	199.52145
0.0	0.38033178
0.7784423828125	0.37168178
72.24703063964844	77.44114
167.63233439127606	173.63753
0.0	0.14862199
37.34071350097657	35.198177
0.0	0.1327148
0.0	0.15106738
93.6710998535156	96.50213
71.2192367553711	74.893105
68.29236755371093	70.40186
1.2007649739583333	0.63884354
0.0	0.18462372
0.0	0.15537603
146.0022811889648	149.02061
0.0	0.20482792
0.3728529188368056	0.2605944
182.75837554931636	187.95747
7.581356048583986	11.608957
0.0	0.35598177
0.0	0.24289468
190.0934661865236	193.20102
0.0	0.2518522
0.0	0.15356772
0.0	0.2763152
0.74578857421875	0.1821673
51.929016113281264	53.786896
0.0	0.18058193
0.0	0.25004116
17.37807922363283	22.909391
119.42047458224869	123.138374
0.7620086669921875	4.639227
177.6208160400394	179.16716
50.216474745008696	55.358734
0.0	0.12528345
0.0	0.1257845
166.84779205322252	169.61577
7.338372802734375	11.723699
148.77632310655366	149.6978
5.84527757432726	3.5074053
0.0	0.21995631
0.0	0.16700749
9.787617492675778	12.204507
0.0	0.19353741
25.462917751736143	25.716309
0.0	0.19267823
0.0	0.26781762
212.65410003662103	201.68011
36.492700195312494	32.134502
18.18512115478518	12.500817
83.97966308593752	81.83764
0.0	0.26602107
0.5230594211154516	0.16216518
62.520239257812506	64.92504
74.38759765625	80.25761
9.333923339843752	11.374533
0.716583251953125	0.6658324
0.0	0.33934793
0.0	0.12442178
193.1311798095704	196.8986
113.0288711547852	110.003784
124.5183486938476	118.722725
0.0	0.28857565
159.6944763183596	160.0317
157.8008292061943	158.6535
91.47448730468764	88.34258
80.30112457275393	92.819176
0.7625061035156253	0.34144112
169.04502868652352	172.14432
0.7622833251953125	0.53735596
0.0	0.11250459
0.0	0.2975374
0.0	0.26883423
170.5425354003906	175.74849
0.7880981445312502	0.36104584
109.3841964721681	108.46043
80.43555026584202	81.52417
0.0	0.26283103
0.0	0.13055807
186.593295288086	162.80449
0.0	0.11633103
0.0	0.10905161
171.13945855034723	174.18488
0.0	0.15036781
0.0	0.25468972
30.215731811523444	34.01002
0.0	0.24776793
104.05941314697296	111.58698
100.65952216254335	103.710976
0.0	0.35003528
129.06643676757798	130.75986
0.0	0.11502115
0.0	0.11502043
0.0	0.17115217
0.0	0.1580548
60.5326370239258	67.05234
104.28852233886728	103.42373
20.33460693359374	19.194674
0.0	0.15132704
0.0	0.25168687
0.0	0.119311385
0.0	0.21831009
154.5762969970705	161.4544
169.3581558227539	173.13411
4.463630676269532	5.0377684
0.0	0.23792188
166.9741744995116	160.01767
157.11314086914098	157.42113
5.319402967180525	11.019977
0.0	0.20080958
0.0	0.2624836
0.0	0.13469557
154.11753845214852	155.72462
20.62353057861329	23.192127
188.77380981445327	191.95145
110.746287536621	110.02978
0.0	0.21741177
7.28330993652344	10.264932
0.0	0.19234207
6.271728515625001	2.4775445
0.0	0.11661053
0.0	0.13507168
40.549801296658	45.244427
5.325443812779018	37.45224
10.217089843750006	16.081154
0.0	0.18510537
33.67820129394532	34.52092
0.0	0.144687
23.04276021321617	25.052649
80.0431610107422	82.07932
40.025273132324216	33.451195
11.459243774414078	15.960201
60.84552001953128	63.638943
194.0185913085938	196.15915
10.11440277099611	11.899178
0.7359034220377604	0.5826132
0.0	0.17283665
172.5675933837891	171.25507
62.31792449951172	69.42718
0.0	0.23317668
17.12579956054688	19.40071
0.0	0.106317654
0.3898086547851563	0.27220112
3.5788818359375	3.603351
162.73906250000022	163.21114
0.7367630004882816	0.18555783
166.02018737792986	171.69557
0.0	0.22760373
0.0	0.19594309
11.736080932617188	17.173933
16.95816345214846	18.903233
0.0	0.13658087
0.0	0.14726512
0.0	0.16626927
0.0	0.11815921
126.4935394287108	125.003845
23.48721160888673	28.716076
0.0	0.14363497
150.65859815809455	150.271
203.72265014648457	198.68318
26.635641479492197	27.816637
0.0	0.19508629
178.1888275146486	180.70874
0.0	0.26682904
209.51514892578112	201.0561
0.0	0.25268897
0.0	0.37758428
0.0	0.13893552
2.2925842285156266	0.8946296
0.0	0.20572683
12.54030761718749	20.941397
93.54195098876951	82.626976
163.93110198974608	166.0398
95.21193847656248	90.04958
10.75614013671876	10.17582
0.7139068603515628	0.19380206
0.0	0.27008665
3.412580702039932	4.7608624
0.0	0.123841174
195.08074340820312	195.66328
174.4793899536134	184.49188
200.2026748657228	199.03125
86.22822265625001	91.74096
0.0	0.13976917
0.245120578342014	0.13281459
173.57665405273457	173.7132
0.0	0.12956162
0.0	0.2492576
117.02496948242204	115.39548
11.35487365722656	16.741081
35.619279479980484	52.947155
171.95488739013672	172.9841
0.0	0.10401141
0.0	0.40725663
56.36999969482424	53.3588
49.45834045410157	39.969727
0.0	0.2234826
0.0	0.23415758
20.003837585449208	21.303066
0.0	0.25279778
116.154037475586	112.44774
124.9740386962892	125.053505
118.37331237792962	116.93678
0.7796173095703127	0.34355697
0.0	0.12209068
29.402145385742205	32.263996
226.81835021972648	188.37358
0.0	0.28314796
186.9354324340823	178.68832
0.0	0.45588726
0.0	0.32932174
11.52445220947267	15.662266
104.38635932074656	100.63197
0.0	0.20840877
54.2937744140625	60.884956
0.84124755859375	1.255357
0.0	0.232199
149.73598022460936	158.24832
12.28260650634767	11.458554
0.0	0.17063962
0.0	0.16691345
0.0	0.11358539
141.224934387207	140.68513
114.93027648925776	118.43172
103.22952728271488	105.08519
108.46195373535151	116.30001
0.0	0.21596755
0.7710614885602679	1.8730661
187.1728500366214	191.19347
0.0	0.21203347
0.0	0.25101158
130.62174987792983	130.55055
94.90333251953128	97.280365
0.0	0.16063207
0.0	0.32754508
0.0	0.119263366
0.3765284220377605	0.39333728
155.6541183471681	155.44522
72.7428665161133	77.96596
152.2538833618163	172.08553
0.0	0.268147
0.8899803161621094	1.0127072
169.41550445556638	177.8716
9.722914123535176	14.266747
80.8053918684492	16.413097
0.0	0.3240201
32.0632827758789	28.69904
0.0	0.26420736
0.0	0.10413876
0.12018966674804682	0.12660442
0.0	0.43224692
0.0	0.115221746
188.80866851806647	192.86539
0.0	0.1993455
3.783489990234376	4.7914395
110.82688598632812	111.71887
0.0	0.10538315
59.46058485243057	64.99543
0.0	0.1275291
81.25538482666016	83.72807
114.05901641845708	116.500206
92.67437286376952	97.89794
1.1393661499023449	0.5443022
0.0	0.11144931
53.35758514404299	59.70983
22.056489562988304	22.433662
22.40477142333987	26.948196
0.0	0.13308932
0.0	0.13764748
14.835079956054688	16.598373
0.0	0.14713943
0.0	0.28270447
156.73608245849627	159.78267
208.09082031250023	201.70055
66.39950256347656	70.38754
9.325105285644533	9.59357
142.9566463894313	142.35335
197.2817428588867	196.94841
123.69370422363274	123.4371
109.80762566460515	119.97458
0.0	0.12993437
118.93856353759756	135.77133
73.06929931640627	78.83234
150.096666124132	169.17067
0.0	0.12914549
70.3511428833008	68.101944
0.0	0.20635664
134.09209289550807	133.78983
59.48984680175781	58.314026
0.0	0.24929951
3.380769348144532	7.8857083
172.8946166992189	181.73204
0.0	0.32189357
0.0	0.3418307
0.0	0.13371223
40.46157226562501	43.0338
0.0	0.13157617
159.05172119140633	160.28336
95.84880405002176	86.74006
0.0	0.13040498
15.05796508789064	19.709124
61.767327880859376	65.936455
74.94850158691406	78.96461
0.0	0.29160964
0.0	0.2443018
197.2544143676757	192.31287
0.0	0.29931283
0.5268732706705732	0.19334072
0.0	0.37649143
64.69537014431427	86.558075
212.65428466796905	201.38708
113.49356384277353	113.31207
0.0	0.31979048
63.41323242187501	72.125244
188.30163235134543	140.99463
56.289803398980034	61.5682
0.0	0.11340938
0.0	0.18631975
0.0	0.1461322
9.484171549479171	12.928273
199.86641693115268	198.74481
27.933193969726567	29.347147
154.0770233154296	155.05473
180.0772094726563	173.95651
0.0	0.2731875
0.4975518120659722	0.285887
0.0	0.36840713
0.8357467651367192	1.3241637
15.897944859095988	19.50601
0.0	0.1848945
0.0	0.13101408
30.30223083496093	38.833305
185.29495239257847	188.6313
0.0	0.24016927
0.3715794881184898	0.2704292
120.01518096923832	136.15514
114.38784942626953	115.11574
0.0	0.22616458
200.37489657931852	199.29163
193.45157775878903	197.45831
0.0	0.24604335
12.139994812011718	15.712703
32.19051106770834	32.39022
0.0	0.1279535
146.57198028564468	147.59941
0.0	0.15746039
0.0	0.12785956
0.0	0.19881195
3.399987114800348	1.0928737
0.0	0.26278186
93.58082275390626	95.72096
210.01617736816428	188.10332
159.7813629150392	186.03734
0.0	0.2987833
0.8116353352864584	2.6293266
0.0	0.19993836
178.32534450954878	177.07619
87.96776123046877	95.350136
24.35592346191409	30.182705
0.0	0.165453
17.93666687011722	13.581104
0.7116241455078125	1.178345
0.0	0.24463612
6.236914062500001	8.756264
135.74048767089857	168.04686
68.11469879150391	67.58082
0.3602752685546875	0.14234084
122.20883348253038	146.2881
0.0	0.1874774
137.56732482910144	137.79984
91.48840026855468	91.38118
0.0	0.21619639
0.0	0.12360956
0.0	0.25129238
0.0	0.1398622
111.43182067871088	112.57747
0.0	0.24107787
85.81739044189452	89.991646
0.3625717163085939	0.2274809
0.0	0.11097284
0.0	0.1934702
176.20335998535168	177.6991
77.77084197998047	83.86327
0.0	0.1131038
0.0	0.31765074
34.409829711914085	33.784737
86.39249572753909	89.43916
195.21908874511735	195.89452
63.40941925048829	60.580997
100.09467620849613	98.3377
0.0	0.1281363
0.0	0.32455224
0.0	0.12558924
9.947093200683597	15.750606
0.7085723876953125	0.53391194
60.363778686523446	57.325306
81.21875457763673	86.67565
83.6170761108398	74.68361
0.0	0.12660852
0.0	0.14174744
0.773956298828125	0.63406104
0.0	0.17037727
0.0	0.26311624
0.0	0.20655888
59.67081909179687	62.872044
83.56668395996094	87.61125
33.84049224853516	35.318325
109.97014465332047	111.409645
192.21636657714848	192.15503
113.17567443847648	111.98254
0.0	0.23113105
0.0	0.31112626
0.0	0.18359692
101.52091640896263	102.58473
0.0	0.21182668
144.973710632324	148.41469
0.0	0.25321648
0.0	0.2483851
41.91317138671874	41.58217
184.6294769287108	189.76514
4.926263427734376	4.988173
0.8456802368164066	1.6968656
184.82347276475696	195.27992
2.987336900499133	4.3685956
35.09519958496095	39.810356
0.0	0.18343452
0.0	0.18707523
179.3540893554689	182.6371
39.11539001464845	44.277058
0.0	0.23670071
164.442495727539	168.18956
157.3027404785155	163.73466
0.0	0.13090213
0.0	0.142276
0.0	0.19167644
13.934828186035151	17.220642
0.0	0.115209565
88.0390060424805	92.5225
20.55929260253908	23.042778
108.0552368164062	109.98668
82.04024047851564	86.97239
11.170869445800792	13.320142
140.2477874755862	139.51634
125.9842926025392	131.06538
70.50116424560547	77.38446
198.5210045708552	196.16042
5.639219665527344	7.643632
0.0	0.4018168
0.0	0.19343619
0.757293701171875	0.98236126
0.0	0.12949668
0.0	0.12693666
21.766616821289084	26.524757
0.0	0.53544897
98.58448944091808	107.46216
0.0	0.13009544
115.65586683485245	115.495255
7.112403869628906	16.856354
126.84886017793465	26.079456
0.0	0.2830904
28.64078063964845	29.683096
188.7316216362848	191.22148
157.7194595336913	162.79982
183.46091918945316	185.56511
190.9576568603515	189.48901
9.076248168945318	14.173387
73.25658874511721	73.50621
0.0	0.4602937
0.0	0.115068644
46.36350708007815	44.48348
0.0	0.17211334
167.0763076782227	169.43541
40.10496826171875	47.53293
2.328556605747768	1.7792041
124.91763153076158	129.41034
0.0	0.40479323
124.44154815673842	121.46307
0.0	0.22011259
0.0	0.25443888
2.720094299316409	1.2858052
0.0	0.14216363
0.0	0.13541207
140.27931722005243	146.59056
140.7460647583009	146.88594
16.313031514485694	12.224729
0.0	0.18061978
15.666249084472671	21.52145
0.0	0.21011299
0.0	0.11604994
0.0	0.19602172
0.0	0.24535511
0.0	0.31430122
0.0	0.17972884
132.81802673339848	128.69318
0.0	0.13109347
9.415029907226575	14.194156
156.97559814453138	163.53696
161.69505615234382	162.88258
7.154045104980471	8.154221
138.1856277465821	138.67842
197.08892974853512	197.65807
179.22865600585936	182.35623
0.3786468505859375	0.40033823
0.0	0.37243533
0.0	0.22272511
0.0	0.19397038
2.15362294514974	1.7894632
174.4419464111327	174.00354
13.139224243164096	11.10556
23.915759277343764	20.029415
0.0	0.12356208
55.4082473754883	49.726997
13.17827148437502	15.851777
1.286936442057292	0.9335237
31.972323608398458	31.551577
4.681849161783855	1.4586513
3.5268371582031244	3.672957
87.49099731445315	97.97827
0.0	0.24475616
197.13357849121093	190.88982
0.0	0.21535139
0.0	0.15300076
0.0	0.13075572
95.3785110473633	110.06319
157.7120147705078	161.5836
171.12840118408195	173.66045
0.0	0.2545202
0.0	0.20088027
0.0	0.27732
58.509594726562526	53.394444
0.0	0.2169356
0.7586669921875	0.18411596
9.378239440917977	14.230014
0.0	0.24689974
0.0	0.111422434
15.040870666503912	18.977587
130.59194488525378	126.96756
0.0	0.2504529
117.78325958251948	117.2384
0.0	0.29975802
181.19099121093765	186.95695
167.39553324381487	170.31274
151.3035354614257	150.37125
197.3925764295791	196.56232
0.0	0.23487525
162.1322692871096	162.82413
0.0	0.1151101
3.384649276733399	0.65682507
0.0	0.19270404
0.0	0.17843167
0.0	0.10954551
119.93688812255868	120.41312
0.0	0.1064978
172.5069610595702	174.95848
151.5542617797853	149.63687
0.0	0.24906164
0.0	0.23574376
0.0	0.59410274
10.56766357421875	12.387997
0.0	0.2479874
0.0	0.1303931
0.0	0.45647475
180.75338897705112	184.0795
0.0	0.27615216
102.19388275146494	102.03921
49.971008300781264	48.599174
0.0	0.19004077
0.0	0.24857108
5.117906188964847	6.068087
188.60566202799495	191.606
0.0	0.34904566
0.0	0.2618014
0.0	0.2208469
0.0	0.38399538
24.28614807128906	26.44145
5.335511888776507	75.31038
0.0	0.35611603
6.121879577636723	1.1192701
0.0	0.24124251
8.0850341796875	10.844034
169.63070526123047	176.69046
22.29839324951175	22.018942
0.0	0.14378779
0.0	0.2627711
37.52466583251954	45.741302
158.74499172634543	165.70468
15.867823282877637	18.366957
150.26142883300778	155.62898
0.0	0.24614817
0.0	0.14573209
198.3275482177734	194.61641
0.0	0.20940346
28.47152862548827	34.31167
0.0	0.10844543
111.2970169067384	110.175575
0.0	0.44533437
137.95715484619137	137.4234
189.9726791381836	192.08447
0.0	0.13636008
119.87539825439453	119.7051
192.1455032348633	196.87138
0.0	0.20551775
182.7361892700195	160.50894
0.0	0.24715719
0.0	0.13016927
0.0	0.14283341
0.0	0.22356607
0.0	0.11163751
0.0	0.2459708
123.73728264702702	138.23004
101.05181732177718	98.72365
6.53392333984375	8.395682
17.356329345703138	28.232725
141.2147308349609	141.54576
0.0	0.24655348
77.02144731794088	83.58098
0.0	0.25482795
43.82243957519533	47.869717
0.0	0.21315022
0.0	0.2114652
132.3566040039064	137.38913
0.0	0.10709518
195.04358164469417	191.67441
92.32585449218752	91.85909
0.0	0.10973226
0.0	0.124223165
0.0	0.35418895
85.18213108607699	89.63013
0.0	0.2266469
0.0	0.18908195
0.0	0.20267984
193.2877349853516	195.41638
0.0	0.14801191
132.4708557128908	136.10048
6.970170762803821	9.113183
0.0	0.220265
0.0	0.2102711
170.6899429321292	168.53963
0.0	0.108178064
0.0	0.14173383
8.618882751464847	13.391917
0.0	0.1487426
0.0	0.20356931
83.3210388183594	88.65886
0.0	0.2923088
0.0	0.10318724
0.0	0.12568149
0.0	0.15902777
0.0	0.22349697
49.345670700073256	48.49178
0.0	0.13388604
0.0	0.18530461
132.8303192138672	132.41592
117.75526885986326	113.118576
0.0	0.19991483
0.0	0.10693824
0.3938064575195313	0.14746079
116.2653533935547	121.19642
72.91320122612848	69.53282
64.75894470214844	66.07278
141.29988250732413	141.65489
0.0	0.18175972
75.62705535888674	80.2466
118.73526611328128	123.78101
182.0995895385742	185.86383
12.721536254882809	17.193495
0.0	0.20368418
0.3566246032714845	0.16919698
0.0	0.23267868
0.745811462402344	0.1720694
122.82801971435548	121.00951
0.3569534301757814	0.16114867
0.0	0.22419387
197.8090423583984	198.27548
0.0	0.14723189
182.37290191650385	188.86133
0.2561848958333333	0.13771571
174.15304904513886	175.56505
0.7686805725097657	0.9881556
0.7578379313151044	0.17957902
61.00722198486328	60.260624
0.0	0.11823797
0.0	0.11361355
113.08306884765624	109.42583
0.0	0.112282865
0.0	0.13328876
20.895321316189225	21.673803
0.0	0.35073984
24.05073089599608	28.38435
47.8189163208008	60.209023
197.4906463623049	197.02231
138.49979705810557	143.17024
187.5858489990234	190.3308
0.0	0.23823081
3.9377075195312505	2.546643
0.0	0.123157
85.39549865722653	94.26786
0.0	0.11383529
0.0	0.11633364
0.0	0.2517353
0.0	0.10759997
157.00630645751966	160.41907
28.66007995605469	28.193007
104.0066711425781	104.20548
7.582952880859376	3.7234926
52.3058319091797	58.446396
0.0	0.19795957
0.0	0.5273919
0.5351969401041666	0.20720822
33.18302154541017	28.631
189.2458312988281	190.49286
0.6138671875	0.17651394
0.0	0.25093845
126.16566162109369	131.54796
122.6519104003908	116.745834
3.957093811035157	1.4689451
0.0	0.18460771
0.0	0.22188209
0.0	0.29073614
1.042623901367188	0.68566155
26.9059051513672	25.305605
0.0	0.2292337
0.5027683803013394	0.3033814
0.0	0.3487729
185.4984497070315	191.05164
104.5450881958008	106.074135
0.0	0.20668322
20.276979064941425	21.719051
0.0	0.19594225
149.1379180908204	155.41838
0.0	0.20374534
5.687490844726564	6.6725535
0.0	0.5954582
12.63758239746096	14.459801
80.4613739013672	87.38352
0.809814453125	0.15948184
0.0	0.104567595
0.0	0.21154481
20.16817626953125	15.494979
15.540930175781261	21.029902
0.3802940731956845	0.18937315
140.4979446411133	139.64775
8.539720153808595	20.186123
148.57811737060553	151.7636
0.0	0.1435707
175.7018127441407	180.0581
70.79097832573785	74.81283
0.3792343139648439	0.5243489
53.33625575474332	53.570507
0.766977945963542	0.2663492
22.8332763671875	23.944445
96.31558380126958	94.18541
25.691688537597678	25.74965
88.68294525146484	89.50997
67.37439422607424	74.16415
0.0	0.16972062
158.6601989746097	173.76813
183.66262512207027	185.25108
0.0	0.13586521
0.0	0.24532907
190.4811019897463	192.65611
0.0	0.22052424
0.0	0.16432416
39.17947540283203	36.871372
0.0	0.11704254
147.2748367309572	148.96333
0.0	0.120424
87.4455159505209	81.27776
119.74297485351548	120.96803
0.0	0.12507792
0.0	0.12761086
0.0	0.20700316
62.574983215332054	60.472404
106.32130279541028	115.97459
183.6844680786134	189.49548
120.8825439453128	121.08825
14.38143768310547	24.421421
29.517407226562494	29.314203
197.6924942016603	196.32082
105.3514129638673	108.745636
0.0	0.19952819
0.0	0.25139305
135.46571807861352	137.0693
21.91957092285155	23.222937
0.0	0.14518428
193.5329608917236	195.14417
0.0	0.1113186
0.0	0.14025426
0.0	0.2247885
0.0	0.1284203
108.13857574462892	117.089
52.525657653808594	57.400192
9.318218994140633	9.972118
0.5268745422363285	0.17324273
0.0	0.2185133
63.47612304687503	62.889973
99.6061553955077	95.95979
205.5948074340822	199.10458
0.0	0.26369768
13.58480377197266	18.356165
152.3210845947265	150.1073
118.3920578002929	135.853
0.0	0.19730523
150.1157760620118	148.5883
0.0	0.38590705
0.0	0.24764863
48.33986511230471	58.213516
0.0	0.21640836
150.112516784668	156.25078
56.16014556884767	62.04805
48.53165690104167	11.862953
117.083657836914	113.85126
115.49642333984391	115.6746
208.0218185424805	187.90695
100.46873626708997	100.78795
0.0	0.10487285
0.0	0.1816117
108.28115386962892	108.130775
9.70635070800783	15.617067
0.0	0.20644338
132.5125427246095	144.94917
0.0	0.22577897
0.0	0.3651988
42.83217010498048	41.94881
169.06190032958983	176.44038
174.65519409179691	177.19756
109.1530487060548	108.23128
72.89281768798828	77.60655
179.90696105957036	181.08826
63.04500732421875	65.20644
111.44526841905378	107.578804
151.51947784423848	150.80978
0.8353759765625	0.2147857
0.0	0.2694429
0.0	0.16059218
199.76423645019548	198.8561
0.0	0.21514516
124.74338684082029	130.57323
161.39268188476566	162.37254
0.0	0.13219573
0.0	0.1393347
0.0	0.159906
0.24424235026041663	0.15034303
7.883203125000001	13.800258
0.0	0.17436151
135.9685119628908	136.77051
0.0	0.19526976
198.1069046020511	199.23071
79.31493072509758	66.353065
97.50122528076172	96.072716
26.801263427734387	33.467396
198.4733581542969	196.21904
68.74402465820313	69.68972
14.33172760009765	17.737604
28.93471679687501	25.968952
101.09628143310542	123.26153
95.67402648925784	97.39354
166.4592422485354	169.33104
0.0	0.13901977
0.0	0.22537597
0.0	0.10352069
92.62771453857422	92.5324
0.0	0.17908965
30.163340759277343	28.131918
62.245569864908866	62.03557
0.0	0.23431827
0.8067499796549482	0.37394205
0.0	0.13990451
0.0	0.1287609
151.3952194213868	153.48941
0.0	0.19260721
117.60691706060048	178.57173
46.46060333251954	46.683083
0.265398661295573	0.13612244
190.31587829589856	191.84863
159.3501815795898	166.085
142.75754394531253	140.97949
145.65004119873055	167.68347
15.163874816894552	19.919323
144.26577976771787	145.30006
0.0	0.1452951
14.27062835693362	16.537912
0.0	0.14217049
17.735761642456076	19.023449
148.1368438720704	152.17183
121.37276611328112	120.83969
45.83201293945314	49.71196
0.0	0.13607821
155.0797485351563	153.15176
172.46875305175794	193.94647
0.0	0.1339172
0.712432861328125	0.3442405
154.53024546305366	156.27406
0.41768798828125	0.17695591
0.0	0.1408061
48.335780334472666	47.246567
0.0	0.49170926
0.0	0.37771025
0.7163238525390625	0.27567714
142.87535247802742	144.38551
0.0	0.14323477
178.7439086914065	180.13695
0.745493570963542	0.18784276
147.9704803466798	144.79927
0.0	0.18299071
64.74509277343753	67.20106
0.0	0.34828666
142.11760406494142	141.3447
89.96573638916013	91.325714
139.5094543457034	145.12616
148.6746185302736	147.60208
87.08136901855468	91.11596
173.9352188110352	179.21388
0.0	0.23152609
0.0	0.3475824
0.0	0.17123283
0.0	0.19586723
139.3125335693361	140.52802
11.79635620117188	12.082193
0.0	0.21624303
197.61904398600288	198.26051
6.763580322265629	4.2234397
100.82569580078136	99.28952
0.765838623046875	0.94645244
8.996093750000005	9.113627
0.0	0.12899788
11.77704467773439	15.000537
0.0	0.13983639
0.0	0.18009391
182.002651638455	187.30707
0.0	0.11081962
143.51372782389322	144.72035
0.0	0.1816373
149.2052951388888	150.7525
0.0	0.29071677
39.817079162597686	40.318604
13.197097778320318	8.726535
185.6428527832033	189.75636
197.95084635416663	197.5511
0.7541525704520092	0.5429697
49.76534729003909	54.639492
0.0	0.2384483
4.514564514160156	5.174752
0.0	0.23652612
14.357624816894528	17.846855
179.2675003051758	181.4117
195.00125427246095	194.78482
0.0	0.10730242
106.3741134643556	106.69648
192.522346496582	191.00418
151.3448944091796	148.72025
136.26882934570318	134.84271
191.3621215820312	193.54057
11.30817871093751	14.274018
0.0	0.12713403
0.0	0.18297283
201.14339447021484	199.9932
0.0	0.12964031
10.026783752441412	10.919724
156.54208068847635	157.73772
157.902264404297	161.75175
0.0	0.24682891
0.0	0.11045424
106.3191696166992	107.22025
0.0	0.24309653
155.8414337158206	159.61275
0.0	0.21185555
6.070419311523439	2.978921
170.824792480469	178.15958
9.537396240234388	13.372986
0.5349369049072268	0.31162938
0.0	0.115076475
201.60519070095475	197.99266
0.0	0.17356133
31.08100128173829	30.297722
0.7474136352539065	0.24036887
0.0	0.22855555
207.4554107666016	201.78407
0.0	0.1481632
4.734884643554688	1.0852545
0.0	0.13159701
0.0	0.13184683
0.0	0.10187121
93.33741760253912	107.01624
14.262794494628931	21.393688
0.5832710266113285	0.39146066
0.0	0.14586851
0.0	0.1879792
0.8024024963378907	0.47715896
0.0	0.12535828
0.0	0.20107554
0.0	0.21754666
0.0	0.50774205
0.0	0.1640318
122.49291229248043	120.13824
0.0	0.24743883
53.72089470757378	55.385704
0.0	0.15722407
109.3842163085938	115.86195
153.5622304280601	154.69064
114.63965759277364	121.976166
50.51311950683594	69.590164
142.24398973253042	145.91307
0.7608540852864586	0.31914273
0.0	0.27477053
0.0	0.26724547
0.0	0.25697425
0.0	0.46457493
32.90370347764758	34.896923
149.7602844238282	149.37053
13.40705108642577	14.747325
152.9664764404297	148.83757
143.1081390380859	145.95543
0.0	0.1291295
0.0	0.12945893
0.0	0.265734
0.0	0.25932863
140.0588836669923	142.211
130.9012451171874	130.9128
0.0	0.27826563
12.8490707397461	16.230957
0.8310572306315107	0.85383284
76.50854153103302	79.348816
0.0	0.11917021
0.0	0.24875113
0.0	0.21549374
117.74634636772998	129.15253
0.0	0.11461286
197.0965220133465	195.15895
128.38582695855055	129.99127
0.7900136311848963	0.33152077
0.0	0.1279606
0.0	0.23427975
176.24114990234358	184.09314
0.0	0.1837906
0.0	0.18969682
0.0	0.35547632
10.090057373046909	4.342128
209.85381469726556	190.25218
0.0	0.400711
0.0	0.17638011
132.6957382202151	132.5266
0.0	0.1829506
0.0	0.25190562
0.0	0.1524421
0.0	0.25341314
39.140565490722665	40.806824
47.281369018554685	54.481426
0.0	0.15408005
7.080343627929688	4.7341485
190.454119873047	192.49767
130.6652709960937	130.1277
0.0	0.13474856
0.0	0.14025605
157.90422210693367	158.26288
0.0	0.17250153
24.414886474609386	27.032774
93.31493225097658	119.076
0.0	0.2971225
74.47733001708994	97.76275
18.5497543334961	20.784435
147.38307189941403	153.65327
19.46192932128905	22.879482
183.8166702270508	181.78075
79.5713134765625	92.53894
10.964613342285183	16.479918
0.0	0.48026
0.0	0.21973605
0.0	0.2820901
156.15979156494157	158.74742
49.81797332763672	53.413887
0.0	0.17019342
0.0	0.24088801
48.66691970825195	49.172596
10.15853118896485	11.579742
0.0	0.14612398
90.81197357177729	89.22517
11.08809967041015	13.569737
75.57789001464845	77.02008
191.2911743164064	194.58607
13.232048882378487	14.586539
179.42621002197282	187.81169
0.0	0.112038985
0.0	0.14582193
0.0	0.19003189
0.0	0.12684251
181.3090164184569	181.57338
0.0	0.10991926
76.40443878173829	79.24891
139.2222930908203	137.95328
0.0	0.13713558
155.53336486816417	159.20059
0.0	0.11790376
201.1279357910157	198.74834
145.1011260986329	146.46307
192.6135330200199	193.43594
9.003402709960938	12.170973
0.0	0.1275795
152.48056538899755	155.0588
0.0	0.17125976
93.8269775390625	98.037964
0.0	0.20469886
0.0	0.117508546
0.7593841552734375	0.26305434
7.858328247070314	10.721249
132.2730834960938	150.5771
200.8716064453127	199.74825
189.68036651611328	192.79619
0.0	0.19811043
67.6280258178711	67.49336
0.0	0.23180862
0.0	0.16297098
0.0	0.13436547
98.43066101074226	98.74306
129.7774841308595	129.9104
197.44718475341807	198.67038
0.0	0.16647398
35.606651306152344	38.749264
113.2590408325195	116.58804
47.976879882812526	60.640533
0.0	0.21812326
19.37254028320313	24.913836
0.0	0.23404695
6.714471435546875	5.384391
68.74652709960938	76.356316
0.0	0.13608143
0.0	0.35500512
111.6559890747073	111.61244
183.97176513671903	184.84496
89.7437484741212	94.203285
7.093265109592017	10.605569
105.9175838894314	75.376656
0.0	0.24666025
0.0	0.21430875
17.361917114257842	19.822939
0.0	0.20838405
0.0	0.14294872
0.0	0.28933242
0.0	0.39260173
0.204986572265625	0.27525675
27.767422146267357	33.680584
40.95431060791015	36.647972
0.381322224934896	0.16598554
0.0	0.11821143
32.27433437771269	29.73325
182.91277618408208	183.96326
5.850778198242188	2.743569
14.55777130126954	15.428314
0.0	0.30631375
0.0	0.11640157
0.0	0.106845915
155.181399536133	155.9155
90.90852508544933	82.609924
0.0	0.14632942
0.0	0.15352696
0.0	0.13873881
12.603695678710938	15.528457
12.047819349500868	18.441328
0.0	0.13524128
198.2205657958986	200.13441
0.0	0.14917375
10.963520812988303	11.314011
6.188291761610243	11.787238
0.0	0.19977914
105.16586303710947	105.50485
191.11469421386715	194.1475
107.19242350260411	106.151474
0.7663116455078125	0.678705
0.0	0.1931413
7.152272033691408	10.420077
0.0	0.24676378
0.0	0.16721845
58.49617767333986	60.92023
112.8777542114257	122.62389
0.0	0.16852677
0.0	0.123312294
8.562736511230469	12.842878
0.0	0.11210373
55.052568054199256	55.7924
0.0	0.21255131
0.0	0.16452113
19.56722869873048	21.996695
6.400770568847657	2.8623626
0.0	0.13326538
9.115980529785151	5.042905
53.11146087646485	58.49983
4.925521850585938	5.8137813
98.12594299316407	102.28118
0.0	0.2201299
172.3750396728516	175.53676
0.0	0.27990365
0.8440068562825523	0.8304062
0.0	0.14311557
0.0	0.122877225
0.0	0.20106941
0.0	0.1220296
48.05022583007813	49.22706
0.7391510009765625	0.96604306
156.4383346557618	158.11795
192.6649871826175	196.06631
7.897357516818576	4.110835
0.3985697428385418	0.11277754
110.4200744628908	109.63266
0.0	0.14462723
2.288959503173829	1.9849262
0.0	0.33751616
62.63454132080077	67.4723
146.19503021240234	157.91814
0.0	0.10472525
0.0	0.37920684
187.29341278076168	189.1256
95.5539535522461	93.72471
136.70429687499993	136.19424
0.0	0.1634175
0.0	0.11027808
0.0	0.13515642
53.709945678710966	56.34875
159.0277923583984	160.39037
0.0	0.25116348
19.80854644775391	21.538427
0.0	0.16879795
221.4948623657227	196.90665
87.83213500976562	93.9148
90.626791381836	107.8543
150.9507186889649	157.39653
45.06257057189942	44.964676
0.0	0.20027202
0.0	0.21967606
78.32794342041015	77.53317
184.54005889892588	183.22786
0.5210723876953127	0.21719952
193.3026306152343	196.09245
47.44671325683592	51.523808
177.63626556396488	174.51924
16.90229797363283	23.169268
149.1459671020509	150.28833
178.589582824707	181.52531
155.9367187500002	161.4979
0.0	0.17388874
86.57790222167968	81.80945
0.0	0.14407215
25.187220764160184	28.715206
0.8339665730794273	0.62465435
12.468519422743055	15.66404
110.8529052734376	111.44067
185.2171427408855	189.5302
2.86227264404297	2.0309734
0.0	0.25661758
0.0	0.11091346
95.95403035481768	95.80975
25.47498168945313	31.889595
101.48574676513674	108.51991
143.28154296874982	145.30998
0.7896626790364584	0.14237158
54.64724884033203	55.879868
0.7498499552408857	0.4603502
109.5051620483396	107.1174
0.0	0.125001
3.8083648681640647	1.8063222
81.85106048583984	88.93019
0.0	0.1382363
0.0	0.15490931
201.883609008789	200.12866
155.39835510253903	150.82053
65.80281524658203	65.38022
0.0	0.44321594
191.12082824707048	179.32224
0.5937652587890627	0.5957849
0.0	0.17104919
5.043705749511719	3.304277
43.19554595947266	37.597107
183.8664627075197	184.17596
190.3973495483401	191.6766
18.604214477539063	21.931778
0.0	0.25605324
34.74898529052736	29.73573
163.54090576171876	163.2815
1.322381591796875	1.2152426
20.7460922241211	20.870743
0.0	0.21626726
0.0	0.18505773
6.437226867675783	2.8748007
24.59627532958987	26.443855
0.0	0.30215722
177.5042205810548	183.34377
86.58570709228516	92.27326
163.620556640625	171.18604
91.09119110107424	93.745865
0.0	0.25345638
6.958276367187503	4.448038
190.1641998291015	193.43178
153.98322601318347	188.34924
0.0	0.2909909
0.7940851847330732	0.5151366
4.983544243706597	2.0181375
60.126240539550814	56.314236
161.9372421264648	162.7648
119.5465332031248	118.02314
0.0	0.28971756
126.04412231445309	125.78711
0.0	0.13152245
0.0	0.14526352
26.98364410400394	28.07991
157.6171768188478	186.93204
3.608639526367189	3.109586
197.4397644042968	197.79044
156.90355377197267	156.60986
0.0	0.24935523
167.303921508789	167.58586
0.0	0.16206227
0.0	0.2353869
164.55352630615238	161.81006
0.0	0.2430623
0.0	0.24627386
37.1460678100586	38.809055
0.0	0.19252262
19.79439697265625	28.779356
173.60491180419933	180.09573
0.0	0.1470108
0.0	0.12525503
186.9274475097655	190.0987
0.0	0.18487951
122.50422973632831	123.21456
0.0	0.24952321
0.0	0.1415863
159.368398030599	160.87434
0.0	0.10840961
5.099470520019533	1.376048
1.9881540934244792	1.1730098
0.0	0.12393287
0.0	0.16959192
1.2936000823974605	1.1072773
0.3856430053710939	0.34799176
0.0	0.17671475
0.0	0.11396135
0.0	0.19604507
0.0	0.12149014
0.0	0.19216648
140.302737426758	138.41618
7.325160217285156	10.114722
0.0	0.24346219
0.0	0.1886775
0.0	0.35835293
207.8367309570314	193.53313
163.68177337646495	165.50443
2.00398826599121	0.8667285
162.62840610080298	155.56047
0.0	0.12697461
0.0	0.19668925
22.30138854980472	23.568636
0.0	0.19399588
0.0	0.19902405
0.9924593325014469	0.41392162
0.0	0.1602223
185.2137176513672	182.88722
142.7302886962894	141.47983
19.067344665527337	24.964085
0.0	0.15787752
128.7109161376954	130.61433
200.0821685791012	198.99199
14.93005981445313	19.81781
2.957609558105469	2.2199469
0.0	0.30106398
0.0	0.22579663
3.340925598144531	1.5473578
4.051585388183595	3.7357714
0.0	0.24549928
121.7424804687499	121.96205
0.0	0.12529425
49.47222290039063	44.110245
39.828683471679724	40.486507
102.98723983764653	103.74753
0.0	0.213445
45.21057434082034	39.48831
0.0	0.1981582
0.0	0.12052144
16.91439208984376	17.358774
0.0	0.42203006
181.820198059082	185.66269
177.59061855740032	181.39427
5.764588928222657	1.8055699
75.81267089843752	72.42101
58.49319797092015	58.575832
175.30557708740233	178.95435
92.15688171386718	89.15242
116.59325103759764	113.503105
0.0	0.22880057
1.4414520263671875	0.6184903
21.14059295654296	21.92413
77.06501091851129	79.99791
14.654046630859392	22.000008
0.0	0.11144023
140.0045867919923	144.18823
0.0	0.11491244
0.0	0.1258293
0.0	0.2138231
0.0	0.14925477
186.682083129883	191.45346
48.73504486083986	50.276363
0.0	0.16345473
0.0	0.1997801
167.5423614501954	168.8818
138.6171951293946	139.15685
189.7379455566408	194.2883
87.97299499511719	85.449135
0.0	0.15050662
0.0	0.16897057
0.0	0.2247918
0.0	0.11232329
55.711236572265626	56.57448
99.73482055664056	100.40927
0.0	0.2150841
16.467523193359366	18.79831
32.68783569335939	35.10367
0.0	0.10656386
189.38936462402344	194.51881
139.582276916504	142.81013
0.6911722819010416	0.2981868
0.0	0.27389678
0.0	0.16485992
4.4832382202148455	4.638739
158.19545745849598	164.42644
0.4539823532104493	0.14048772
0.0	0.11168446
139.8663360595706	138.55937
36.235771179199226	32.066017
0.6414557562934033	0.32347864
0.0	0.22438407
82.21089019775391	86.41546
73.83170318603518	71.08832
0.0	0.20054053
0.0	0.15154527
139.1140350341796	140.21217
0.731842041015625	0.3054499
136.82102661132822	169.08347
0.0	0.13957845
0.0	0.23849173
0.0	0.14303455
139.32813720703132	141.84302
0.0	0.24400033
90.0130828857422	96.02232
163.4600570678711	166.1527
102.76875305175786	103.0024
171.76156005859357	179.9009
4.698353576660156	4.7059994
0.0	0.2211831
0.0	0.14143713
0.1597941080729167	0.25383213
6.399072265625	11.578846
82.02675476074215	86.264626
0.0	0.24199755
0.0	0.12622157
0.0	0.16777985
166.8771072387696	167.34372
0.0	0.13696618
27.99683532714846	27.82838
71.18108520507812	67.4395
0.0	0.12053982
0.0	0.11339613
0.0	0.15213215
26.51161872016061	31.27995
0.0	0.13990365
0.0	0.20637493
0.0	0.13595258
0.0	0.1650949
0.0	0.16287409
206.65377655029312	199.98927
67.50251617431641	69.87849
0.0	0.21791098
40.775721232096366	37.491676
0.0	0.19887134
0.0	0.319856
169.55885009765657	169.69969
90.99561004638672	90.84083
165.08350982665996	168.25905
208.7643554687501	201.1213
0.0	0.12283904
52.87648620605472	48.3632
23.881201171874995	24.068382
36.49432983398439	35.70868
88.16769578721787	87.47858
0.0	0.10799693
67.28640899658203	72.17277
126.1117019653322	131.73882
131.31811828613291	128.3533
132.2027282714846	131.88408
0.7370402018229169	0.5834847
30.3501434326172	34.183834
6.742921447753909	5.6016054
167.74918060302755	172.7194
28.26235809326172	27.623886
3.696569824218752	1.3358103
0.0	0.13235633
50.78398284912109	52.127155
69.69102172851561	72.27863
0.0	0.16156985
0.0	0.12426284
0.0	0.13372892
183.47398071289055	185.53035
0.0	0.43431854
0.0	0.23419574
0.0	0.3164712
41.40442352294921	46.19788
0.0	0.24178022
13.320117187500012	21.069
0.0	0.36081332
0.0	0.45896277
30.387179904513925	27.176966
0.0	0.24300489
0.0	0.104410104
0.0	0.14568621
179.69509277343758	179.98378
0.0	0.15237674
7.480352783203125	5.100209
0.0	0.19546178
13.8384521484375	15.725439
198.66242980957023	192.99615
34.96514723036026	29.859354
46.32594909667968	47.411682
28.56705322265624	32.88355
1.8467864990234373	1.8633909
78.04991455078125	83.078285
162.12160644531258	161.9607
0.0	0.15123326
185.1916183471679	186.97948
0.0	0.18690613
89.60817260742189	91.92829
0.0	0.19561851
0.0	0.13687077
176.0398162841799	171.5696
117.1346450805664	114.91261
0.0	0.11169551
8.951246643066414	14.481959
86.21631622314453	86.76072
20.6318069458008	21.708363
0.0	0.39080948
0.0	0.18034974
0.7873611450195316	0.3887414
0.0	0.19778508
188.2950561523439	194.22572
182.8184280395508	184.40392
0.0	0.16073097
0.0	0.18968597
0.0	0.25061756
4.659822082519534	3.9630835
26.16753997802735	32.070835
0.0	0.14632048
0.0	0.11919367
188.0819837782118	190.36855
0.0	0.24217676
13.95363311767577	20.179874
146.8915740966797	151.08069
0.0	0.10519742
1.0280273437500005	0.4782037
0.0	0.15758002
0.0	0.1951945
76.88484497070313	83.33813
0.0	0.1740149
30.76647033691408	32.242565
0.0	0.2433913
0.0	0.13682474
6.03172302246094	6.6105404
4.070065307617189	2.9975471
0.0	0.33619833
54.21998291015628	60.22494
133.3670318603516	136.28477
0.4154510498046876	0.7855204
73.91666564941407	71.97153
189.0357574462892	191.83345
124.93415527343761	125.47188
0.0	0.14023748
0.0	0.20080976
182.784186469184	190.69095
110.6199584960935	112.163445
192.8918624877932	196.3902
0.1335110134548611	0.20174986
120.32987518310549	119.272064
0.0	0.10376487
171.79877777099597	167.31694
50.15952453613281	56.29251
0.0	0.25070426
113.72256469726578	111.87672
0.0	0.3263932
0.0	0.24987316
186.18439636230468	184.51083
0.0	0.17766185
13.28378295898437	13.608886
64.91732940673829	63.208096
165.084080505371	165.73795
0.7812118530273441	0.766423
163.3694488525392	168.17374
0.0	0.1676039
107.26383056640638	95.419464
0.0	0.16239399
0.0	0.17167808
10.00353851318361	9.854081
0.0	0.12963206
0.0	0.19937085
72.06576843261719	70.654045
16.258181762695333	21.769415
0.0	0.20196354
162.7464385986328	161.44823
198.2739986843532	197.13963
94.6144036187066	105.84407
156.1860122680666	176.28793
187.3315887451172	190.28061
0.0	0.1269115
135.66993408203138	133.58524
0.0	0.14490026
173.4713134765626	179.92667
0.0	0.11524827
0.0	0.10687781
0.0	0.2245174
26.6576639811198	26.642603
0.0	0.32844222
11.60394287109375	13.14332
7.455638122558594	16.885904
15.863291931152348	20.967361
0.1666015625	0.38318673
0.0	0.21540333
0.0	0.2664285
156.9328231811525	154.57356
0.0	0.14837687
97.89914245605463	99.811874
148.81468963623053	154.36844
0.0	0.15285149
209.7401672363281	200.74005
103.13299102783212	116.017845
3.633819580078125	1.771316
0.0	0.28058937
17.10279998779298	21.785934
1.8538112640380868	0.69422096
0.0	0.34553882
0.0	0.16364178
0.0	0.17630397
180.89817810058588	187.14485
185.91874237060537	188.94125
31.870549011230484	37.36175
75.03325195312502	80.48728
0.0	0.20063773
0.0	0.33403352
0.0	0.38177988
0.0	0.15233521
156.8889022827149	174.65935
90.63351593017572	137.36234
0.0	0.29208976
0.0	0.24065988
34.36266326904298	28.455145
0.0	0.1380573
60.76239885602681	65.70188
0.0	0.13178623
21.34364013671877	27.173445
37.129335021972665	35.546383
0.0	0.1614571
0.7689208984375	0.12761858
63.57568359375	71.24836
183.7224334716798	177.69402
0.0	0.1361478
0.1065294053819444	0.24628444
0.0	0.20006453
0.0	0.28244543
0.0	0.24297222
0.7658742268880213	0.38968974
0.0	0.12524016
0.0	0.14607273
167.61206970214835	172.34029
34.25343475341796	33.61174
0.0	0.22921489
8.948582458496091	11.439009
0.0	0.36015767
0.0	0.2769046
0.7431589762369796	0.5604996
106.5748519897461	106.04385
83.63100891113281	90.63563
0.0	0.20629512
9.683459472656262	9.668111
67.7947128295898	68.288025
7.790557861328127	7.4348526
0.0	0.10801356
0.0	0.36705709
9.105883789062512	13.206418
0.0	0.15841243
49.537145614624	39.715466
0.0	0.13073385
139.6255157470703	141.46051
162.52424621582026	166.07178
195.2358306884766	197.16516
137.32397308349624	148.89029
0.0	0.33784786
43.67683628627232	45.994095
170.63914184570314	168.66768
174.2824325561525	176.36548
0.0	0.16396692
0.3866933186848958	0.21164997
0.3596700032552083	0.15280308
35.08022840399492	18.69522
0.0	0.20034666
0.0	0.12780571
0.8286794026692709	0.4676182
158.5633697509765	163.21458
135.4387344360352	134.43129
0.0	0.21863191
9.049917602539065	11.600475
0.0	0.12712167
0.0	0.14855991
200.5797637939453	197.75616
22.54066162109377	24.836224
0.0	0.12627675
0.0	0.351231
71.47887674967451	73.14552
0.0	0.1272423
0.0	0.11159543
0.0	0.117575265
4.606277465820314	3.9689991
0.0	0.12426824
198.29662322998053	197.67062
36.04984893798827	35.23568
0.0	0.23434995
0.0	0.19379772
170.36361846923847	168.97957
1.8559672037760415	0.30262166
157.80171356201188	158.03143
0.0	0.18906571
55.06636216905386	56.7837
0.0	0.12771374
78.22117614746095	84.575294
188.73053995768257	185.23991
0.0	0.19615729
0.0	0.11488452
68.0112686157227	58.27328
202.58520507812509	198.06665
128.6727081298829	156.23659
125.4097076416014	127.11526
0.0	0.19321005
46.06285705566408	40.30002
0.0	0.1342184
212.9116226196292	191.78204
0.0	0.12857959
0.0	0.19689974
59.2373474121094	56.936405
43.17784423828125	49.291557
154.51135864257822	155.9882
184.69636840820328	180.4587
87.51797485351565	85.94943
0.0	0.23605718
198.8384506225586	198.51686
0.0	0.15658866
0.0	0.35338104
5.010127258300782	5.8503633
26.829441833496105	29.984085
122.1286178588869	120.767395
0.0	0.19885099
135.03043212890626	127.32881
0.762644449869792	0.56778896
31.394456481933606	41.843456
177.20265808105472	177.69176
0.0	0.14562699
0.0	0.19598475
0.0	0.30441928
0.0	0.18455221
183.8407897949221	183.69667
0.0	0.3830609
52.86026458740237	55.643326
0.0	0.1757174
15.857048034667987	18.98316
71.8907148573134	67.56326
40.84215850830079	45.165543
0.0	0.13445836
1.7506586710611975	0.7746655
0.0	0.17711583
0.0	0.43829462
141.3917419433596	139.79573
0.0	0.12693413
0.0	0.12516785
167.04376831054708	168.9773
0.0	0.16024806
183.13425699869805	173.79628
0.7479604085286459	0.9178006
0.0	0.1115556
21.373681640625	20.72966
0.0	0.2966086
21.76348876953124	24.571768
18.15157470703128	20.136478
0.0	0.23815478
0.0	0.13419217
8.080950927734374	13.030814
0.0	0.27006373
0.0	0.23209463
0.0	0.19769387
0.3633193969726564	0.1704255
8.256103515625	7.470366
0.0	0.39470437
1.8871704101562536	0.51484597
153.5089660644532	154.4299
0.0	0.11129824
0.0	0.35658196
0.0	0.24547522
0.0	0.25555107
202.3120544433594	199.02951
0.0	0.24539043
0.0	0.22904624
188.29970397949225	191.77277
141.2780227661133	146.1101
19.20717010498048	24.153517
139.4656448364258	140.48221
0.0	0.30060107
76.8659606933594	81.93044
136.5462219238283	136.62495
91.98377075195312	96.38246
107.34699334038636	96.62391
0.7261581420898441	0.42099017
182.2962692260743	183.71146
3.616888427734376	2.1687138
0.0	0.32769203
0.7506408691406251	0.452364
8.367135620117185	10.734487
160.35134582519532	161.9723
0.0	0.15304689
14.116772460937533	17.482872
13.208499145507831	21.60407
89.23009033203125	81.45245
0.0	0.11039187
0.0	0.19880028
0.0	0.23060004
0.0	0.21488927
0.0	0.15110086
175.0211212158205	169.30504
151.23171844482422	152.04318
0.0	0.10819503
0.0	0.10555276
1.2876164027622776	0.35379973
0.0	0.16214275
0.0	0.1311304
0.0	0.13412873
0.0	0.18589303
107.47726658412388	107.761
147.65011596679688	148.40854
1.6562991672092011	0.5138704
191.8227294921873	194.72856
4.5857493082682295	3.9225974
49.35833740234377	44.62838
0.0	0.2182721
140.6959197998049	146.75221
0.0	0.20729491
99.11153106689451	85.49246
0.0	0.19011503
0.0	0.12137305
13.122934977213545	12.89659
0.0	0.19798325
68.09260559082031	68.44897
0.0	0.105335034
0.7409744262695315	0.31623378
168.4189620971683	172.07446
0.0	0.15291788
0.0	0.15221418
138.58095855712918	141.51736
53.396572875976574	52.47433
0.516849093967014	0.14881216
0.0	0.44320077
100.45161285400376	101.659454
108.450552368164	109.22255
0.0	0.3857884
0.0	0.12349657
0.0	0.10829409
0.0	0.27538076
151.04620361328108	146.91014
0.0	0.19451465
182.77883758544948	188.36343
0.0	0.12132791
0.0	0.1295956
163.17772369384747	165.50702
202.6371810913085	199.47531
0.0	0.15935944
0.0	0.12668236
0.0	0.13050768
0.0	0.45349467
0.0	0.1606604
131.6604263305664	132.95982
14.329499816894554	21.205511
26.66900634765625	27.161
213.0257598876953	199.75447
104.0766860961915	103.65406
192.4308502197264	188.68758
0.0	0.187379
0.0	0.1482161
181.1522674560548	188.04675
0.7749048868815104	0.80396175
0.0	0.13308336
0.0	0.19697621
186.1123487684464	188.76378
0.0	0.19476289
0.4895697699652777	0.14066143
0.0	0.1051254
185.5549942016604	167.44392
164.41693496704124	167.25922
129.8757110595705	130.60617
18.172360229492213	23.217012
0.0	0.1273833
0.0	0.11011636
0.7844568888346357	0.44032815
52.766049194335935	59.343895
174.64354400634778	177.96364
0.0	0.12285228
0.0	0.16401495
4.979617309570314	4.8147674
118.657733154297	129.93335
132.4028045654297	138.06026
0.0	0.11903498
0.0	0.17320706
133.7495895385742	135.37735
113.63427581787111	113.827065
0.0	0.11886491
202.45004611545144	187.64987
173.0873443603516	173.64355
93.82656288146974	97.65088
0.4002549913194444	0.17889717
124.83066406250026	126.39034
0.0	0.16532375
0.7329279581705729	0.23823716
99.71408233642585	104.94592
143.44117431640626	169.90471
121.6849899291992	126.26649
0.0	0.1345667
0.0	0.20372419
0.0	0.14134224
22.035771179199237	32.494637
140.3414138793946	149.27861
6.533085632324219	13.037853
0.0	0.25283852
0.0	0.14324097
0.0	0.1524485
0.0	0.106767885
177.02401275634753	192.93423
146.46538391113288	153.7038
0.0	0.24343611
0.0	0.29927632
4.840661621093752	5.08527
148.56678771972662	151.09592
0.0	0.16725557
0.0	0.16641995
140.8354797363283	146.54358
0.0	0.1438956
0.0	0.24987899
0.0	0.25020725
123.49678548177087	127.254944
0.0	0.15537454
0.0	0.32932222
167.91358184814467	167.40425
0.0	0.24752547
0.0	0.13788147
0.0	0.1659903
0.7193400065104166	0.18146913
117.77705535888678	117.35044
1.426753271193732	0.21388608
51.4448455810547	57.880455
0.0	0.12084049
98.69885864257816	103.84705
0.0	0.22826545
15.25866190592449	18.036942
0.0	0.10284941
0.0	0.11881536
0.0	0.2480772
0.0	0.10338277
0.0	0.17047586
0.0	0.15143394
0.0	0.26484668
0.0	0.35687172
27.284622091996045	6.5802336
66.24190216064454	72.37992
0.0	0.105146736
15.09124298095703	28.8369
0.0	0.24897695
0.0	0.1151988
4.574136352539061	6.3645043
0.0	0.35956755
0.0	0.18941483
112.5829895019534	111.55534
0.0	0.25037715
0.0	0.28431162
0.0	0.14465886
146.47951049804718	149.23764
163.4330001831055	165.61507
127.6364318847656	131.68353
148.90666809082018	147.75728
0.5113186306423613	0.21530174
118.5898925781248	115.48595
0.0	0.10911882
115.9246704101561	120.57214
95.31930711534302	92.041534
0.0	0.16608001
35.281446838378926	28.446056
43.77342071533205	41.615814
75.21816253662112	83.45894
0.0	0.105026335
70.86549377441406	75.88502
91.0894729614258	92.78109
0.0	0.2657093
0.0	0.14420885
0.0	0.3436097
0.0	0.24634555
16.958200073242192	20.72944
0.0	0.16548707
0.0	0.2656211
0.0	0.2343542
0.0	0.14681654
113.317024230957	121.85482
0.0	0.1117083
185.5171112060548	186.88422
2.0658089773995574	1.0635134
113.5068099975586	113.207756
187.82065429687503	190.8286
5.9035888671875005	7.7383485
173.5288345336915	189.76282
74.41258392333984	75.83596
0.0	0.2355222
0.0	0.3484444
88.97653656005853	87.47741
156.9697769165043	155.27237
0.0	0.10407504
0.0	0.21962573
20.776210021972663	22.683659
202.4297180175783	198.88548
93.89097747802737	94.61911
209.1583236694336	192.5747
66.51568298339843	68.8278
174.88132171630852	175.2743
0.0	0.13662392
0.0	0.19620617
0.0	0.20408908
68.83276977539063	69.88253
175.9805099487305	178.53859
0.0	0.13223228
132.60861358642572	133.47995
0.0	0.2156032
0.0	0.224301
20.959121704101584	22.61715
0.0	0.15294798
0.0	0.21309467
36.230953979492185	42.279026
74.2571075439453	77.988014
149.66608276367202	152.34491
2.2849155002170134	0.81104374
0.0	0.16138259
156.76613769531252	156.09079
0.0	0.24988537
0.0	0.28082958
1.3066507975260415	1.4407107
0.0	0.12286124
0.0	0.19470091
185.6038619995118	191.9712
0.68218994140625	0.40399858
15.0290085691843	6.965619
0.0	0.1302744
0.0	0.584924
0.0	0.22255445
156.3068450927735	162.56938
130.11416625976565	129.31903
32.092150878906274	34.6874
89.02236938476571	101.75867
99.30074920654296	99.28724
0.0	0.114049695
0.0	0.13527681
141.9716674804688	148.82625
65.04087524414064	66.377464
27.45209655761721	34.114033
91.01525268554688	95.87203
224.50162963867191	202.114
10.413635253906248	11.853359
11.38958892822266	20.32774
0.0	0.54127
24.66679687500003	26.461983
0.0	0.25958312
64.27762451171874	61.547558
17.56020507812499	20.399446
16.77091979980468	20.240824
120.7405944824218	126.16008
2.033453369140627	1.8220663
0.0	0.12794477
152.3246368408203	152.30754
0.0	0.15324503
0.7837615966796879	0.35425574
0.0	0.42321658
0.0	0.14010434
0.0	0.16012171
0.0	0.22508048
0.0	0.10406669
0.3925501505533855	0.22068095
38.413926696777374	40.5529
0.0	0.25843835
11.17617797851564	20.105637
0.0	0.24884674
0.0	0.11652297
191.7955261230471	192.46541
30.20581970214844	27.141819
0.0	0.14070126
0.0	0.12281435
13.83927408854169	17.667429
0.0	0.11471938
0.0	0.1706158
0.0	0.115383655
0.0	0.51715684
187.18584747314463	191.09982
157.5567321777344	160.85411
167.10223236083965	170.1336
179.5184860229496	180.23164
0.0	0.18676245
0.0	0.15359062
23.15331115722655	24.985258
0.0	0.10713036
0.0	0.24906246
6.387535095214844	8.835832
63.46110534667971	62.297493
167.8811611599392	167.63943
16.14256591796876	23.132523
0.0	0.112972334
173.42709503173822	174.5172
30.298797607421893	28.228664
0.0	0.124505125
69.06206817626952	71.43704
129.5098022460937	129.30429
0.0	0.26181346
111.60290222167968	124.82191
0.0	0.11707318
0.0	0.30974752
0.0	0.2405063
0.0	0.1695811
2.6951160430908203	0.82109445
51.41720733642582	49.409595
5.528037177191842	6.0890803
0.0	0.17509824
149.71700134277347	150.0676
58.40445709228517	61.493683
13.18358764648438	19.43272
72.17020874023439	81.41996
196.84996490478508	197.4283
0.0	0.11629316
0.0	0.1303098
0.0	0.32154155
0.0	0.16052815
0.7925059000651045	0.5723289
42.24342041015627	44.020008
0.0	0.22086133
0.0	0.26613304
0.0	0.132237
0.0	0.13259986
149.2078765869139	182.44328
46.94739074707033	43.140015
193.25657348632816	194.78564
0.0	0.26316422
0.7351837158203129	0.4263257
0.8102366129557294	0.54481727
131.60014801025403	130.17667
0.0	0.10403328
36.01389770507812	41.380474
6.887109375000004	9.327672
0.0	0.26242545
158.77862854003928	162.79807
123.46487884521493	126.00123
15.59121262399774	0.99154055
147.47132263183602	143.15234
0.0	0.21892749
208.4519195556639	192.71017
0.0	0.19207236
165.4357360839844	168.60999
152.5185287475586	151.00711
2.7895050048828147	1.6576518
1.3438129425048826	1.1380745
204.3503601074222	199.29707
0.0	0.17733808
0.0	0.121794224
68.47000885009768	67.98239
7.111816406250002	12.754648
162.6586791992187	169.5988
0.0	0.2512159
92.24249945746529	93.997154
5.343563842773439	10.391351
0.0	0.10828784
0.691314697265625	1.5020617
92.63213958740236	93.948044
0.0	0.24419963
0.0	0.17149308
0.0	0.108610965
0.0	0.25051084
0.0	0.19454682
104.96691436767568	106.938484
0.0	0.16273598
145.6842468261717	148.43721
0.0	0.3069962
17.185337829589862	20.774881
0.0	0.14922404
125.73899459838871	142.11641
65.36682739257813	68.53434
0.0	0.40823042
106.52850494384772	111.21744
65.7794631958008	70.47174
0.0	0.22183685
18.30662027994791	11.467509
0.0	0.35742456
64.0450439453125	71.09489
0.0	0.22661906
0.0	0.16955914
0.0	0.17408147
2.863330841064456	2.1248567
0.0	0.24958599
108.61991577148436	114.645645
0.0	0.38622117
15.614906311035181	21.142433
178.8407012939452	184.01443
0.0	0.24428199
0.0	0.2619594
178.0736846923829	183.9389
95.61818847656252	94.73376
137.91033630371098	141.47652
0.0	0.2160544
0.0	0.1881881
103.6740356445314	102.81799
6.310025024414064	9.425031
187.2179748535157	193.01653
0.0	0.19251397
0.0	0.24335933
136.5629560682511	140.33977
0.0	0.29016247
0.0	0.19170466
20.02998809814456	23.776688
0.0	0.10640764
0.0	0.14842369
71.71464843750002	82.35411
0.40032958984375	0.18369429
0.0	0.15388711
0.0	0.2686701
0.0	0.27179033
109.3651580810548	106.314384
0.0	0.22852059
0.0	0.24485764
0.0	0.2682971
0.0	0.124602646
2.803595406668528	1.9359328
0.0	0.26460734
0.0	0.27172756
53.979446411132834	58.910324
30.537835693359376	29.517643
0.7469846089680989	0.19139965
123.70203399658212	127.56572
0.0	0.12538242
90.45624237060548	95.78205
0.74169921875	0.438045
0.0	0.1654682
0.0	0.20528446
0.0	0.24742176
156.62997131347657	147.07729
0.0	0.14325319
111.34140523274732	119.72007
50.0383712768555	49.869076
0.0	0.28759274
101.04669189453122	101.55716
40.27469177246096	40.1026
70.59015655517578	69.6218
152.0477676391603	156.21182
0.0	0.2006811
37.28721237182618	38.359726
0.0	0.15513122
0.0	0.14889629
0.0	0.124506846
7.725698416573664	8.572927
0.0	0.25024575
0.0	0.14022832
0.0	0.11298801
0.0	0.10849124
177.00479973687086	176.13591
0.0	0.24386926
0.0	0.11194207
0.0	0.14649603
5.265134538922992	4.649061
22.77856140136717	25.504856
105.1057174682617	104.22206
102.2071563720704	105.94542
0.0	0.10713103
99.80071105957032	102.335495
133.20908660888682	132.97821
175.5208724975584	183.69356
32.5764923095703	36.645107
58.72680358886722	79.72098
0.0	0.25520402
204.8787399291993	199.40816
0.3269182840983073	0.41114703
8.599653625488285	13.447024
0.0	0.12260474
0.0	0.14003761
0.0	0.24330254
0.0	0.12585951
0.0	0.2299674
0.0	0.28430623
0.7900390625	0.3608874
145.91300201416	144.32617
0.0	0.24144186
154.1525497436523	154.74385
0.0	0.24444114
0.0	0.150153
0.0	0.28294602
0.0	0.15129013
54.594993591308594	60.100094
77.14913787841797	83.28007
24.20169236924913	20.798893
0.0	0.122127056
0.0	0.35020816
0.0	0.2021956
0.0	0.14907195
156.59798126220713	159.1049
120.53020324707047	127.53812
0.793345133463542	0.9159073
7.955732727050782	9.20329
190.7642578125001	192.58215
169.34737854003907	171.5004
0.0	0.22878353
6.241389465332032	11.190167
193.0130935668944	195.63257
0.0	0.23922892
98.45615386962888	103.06899
71.07751770019532	74.15554
3.530194091796876	1.2700998
0.0	0.22372025
143.5142318725587	145.20718
0.0	0.10399124
10.426519775390643	15.365342
147.810789489746	176.63203
176.82609100341793	192.5482
139.79330952962252	143.9746
0.0	0.21922274
165.3364501953127	164.98079
209.792333984375	200.41913
18.69871368408204	29.68603
125.487225341797	130.18982
120.4804428100585	119.758064
0.0	0.2325816
4.9176722935267865	7.75185
158.13094787597657	159.04794
106.1489715576173	106.82223
0.0	0.35070044
0.7731602986653648	0.43079147
4.700869750976563	1.8464158
0.0	0.12387961
0.0	0.24597092
0.0	0.2193521
211.68583068847647	203.91644
128.175160217285	125.85526
0.0	0.3900628
21.69402058919271	22.927229
0.0	0.10299702
199.3266052246092	199.33002
49.28894958496095	49.995266
29.909429931640663	34.691505
10.767532348632823	15.255452
103.2971786499024	108.49279
37.73643646240236	43.589886
0.0	0.19925642
188.655404663086	192.46599
0.0	0.18666956
81.86232452392578	90.63783
3.963904486762155	6.013527
14.943563842773456	17.189798
148.13799743652353	149.9952
0.0	0.12558624
0.601318359375	0.2218431
0.7054290771484375	0.7682737
0.0	0.11695896
0.0	0.295247
0.0	0.11318252
153.85467529296866	158.67642
0.1408843994140625	0.19854963
174.6377334594729	173.9492
77.69340362548829	84.98063
0.0	0.109460235
160.82196960449218	166.01639
0.0	0.20612171
49.08276367187502	56.20273
0.0	0.12556636
0.0	0.22387633
0.0	0.2043617
0.7659988403320317	0.91766906
1.4320678710937509	2.8383782
0.0	0.11102559
174.5912185668946	182.10942
168.848931884766	170.79242
1.5571746826171875	1.4902006
125.60781250000008	126.09791
92.85121154785152	93.989
15.281060791015632	15.728006
0.0	0.11921701
0.7234954833984375	0.9784924
0.0	0.21943088
124.52059326171893	124.66951
43.71975097656249	44.169308
190.0686431884767	191.89735
0.0	0.18860891
0.0	0.21466435
0.0	0.19384268
0.0	0.24791563
104.29866180419911	102.74596
182.5254135131838	187.25923
0.7945632934570316	0.37187493
0.0	0.17714098
25.034289550781278	24.115849
0.0	0.353614
0.0	0.16841199
189.36934204101567	184.7783
0.0	0.12892492
212.73744659423824	201.77403
0.0	0.27364835
0.3623580932617189	0.22655043
116.5742492675782	117.88965
194.509101867676	198.1112
175.7828338623049	183.38426
140.88441162109385	125.173355
178.0158477783203	169.16635
98.73594055175778	89.294106
0.0	0.16901165
171.84442749023455	177.95798
0.0	0.19383705
0.0	0.4271331
30.27637786865235	29.10758
143.19648132324227	144.25986
205.90477294921888	200.73233
5.331484658377511	66.69429
0.0	0.12820038
47.82158237033423	50.403725
0.0	0.24980186
28.75146636962892	31.82854
12.39857330322267	15.289182
182.7346405029297	182.27902
150.393359375	151.23688
0.0	0.14586218
114.41683790418834	110.0788
0.0	0.14257228
0.0	0.17471161
0.0	0.18764623
153.1224609375001	152.98491
0.7994639078776044	0.8441586
0.0	0.11199821
0.0	0.3360448
19.536671956380214	20.764994
99.51378784179688	101.280334
85.08553771972656	87.11349
0.0	0.18235497
47.56762237548829	38.522205
0.0	0.32486922
188.9257168240018	193.1828
203.1146301269532	200.3602
0.0	0.38108566
39.47190246582032	35.59172
0.0	0.1455751
0.0	0.36211094
57.90408935546876	60.07114
0.0	0.24658708
185.47555999755863	188.28331
0.0	0.16949579
7.605616760253907	10.455806
0.6538365681966146	0.54327434
124.43573303222651	125.64847
0.0	0.1615065
48.830827331543	49.296616
1.788171768188477	0.6800244
43.92087809244792	42.714134
144.64531283908423	145.0844
137.20831298828168	136.29807
124.34034271240259	126.781944
0.0	0.21321297
70.99291687011718	73.18226
198.62495727539076	198.35316
7.3211380004882844	4.0344844
142.5555404663083	140.80522
23.49535827636718	23.09622
164.93271179199218	169.12413
0.0	0.19845657
80.36314086914064	86.95642
28.18428522903728	9.06634
7.139700317382816	4.08947
135.6430587768555	136.75356
0.0	0.34164214
0.3581619262695312	0.22964913
54.30654144287112	48.05835
0.0	0.17049259
0.0	0.122946806
0.7916870117187503	0.8951538
0.0	0.115636565
0.0	0.3358888
200.79128265380865	199.95381
15.314571380615252	20.13843
0.7774614606584821	2.3140857
76.29156036376955	84.386696
117.31881256103507	121.81982
26.51084747314453	31.511257
0.0	0.13014287
0.0	0.11847748
0.0	0.2403161
0.0	0.15501498
0.0	0.20405173
0.0	0.23995632
22.033483886718784	23.063456
0.0	0.3808475
94.28263854980472	99.29291
19.27997283935547	22.50031
0.7496159871419273	0.3081205
36.364720153808605	40.6898
0.0	0.12928924
0.2487070719401042	0.14720045
0.0	0.1761232
10.92302856445313	17.061735
14.59595031738283	18.284807
54.22086029052734	54.951645
159.15256805419926	162.21365
0.0	0.14340976
22.029766845703158	24.876698
0.0	0.19227573
143.3140441894534	147.42174
16.361512756347658	21.219816
10.284320068359389	13.867648
0.0	0.10349454
0.0	0.18639487
0.3263278537326392	0.19491524
188.4874064127605	195.00928
3.42671881781684	0.6451476
127.96890258789068	127.21949
53.34764862060547	52.26033
77.0326919555664	86.24057
5.125987461635046	2.8356683
0.0	0.19326909
159.41713714599615	161.81848
10.65374145507814	15.460095
185.3739776611331	189.13248
0.0	0.19782634
0.0	0.26353145
55.41309967041016	59.30302
0.0	0.2935194
0.0	0.11764431
0.0	0.2614975
126.53164672851564	124.9717
0.8397801717122398	0.9784379
3.1473403930664072	2.1188202
0.0	0.2621898
0.0	0.34955448
39.30299072265626	34.600555
110.408460998535	108.962494
0.0	0.19616656
74.75388641357421	77.2163
135.30791320800788	137.4075
0.0	0.12321918
0.0	0.20688713
0.0	0.22225437
26.67870025634768	26.959875
0.0	0.11267808
0.0	0.114806846
0.0	0.52815837
0.0	0.12981294
0.0	0.25721002
107.1601959228516	109.82236
129.4544250488281	128.94829
5.040293884277347	5.0694814
118.51209716796872	117.657196
110.38774278428812	110.4387
0.0	0.30657557
0.0	0.17755902
10.52274322509767	12.517555
30.871194458007853	27.5821
0.0	0.11746224
98.189096069336	100.38959
0.0	0.45165768
185.6969726562499	184.86847
0.0	0.3612389
117.41128540039074	132.3878
50.29906921386721	53.010925
0.0	0.23277567
0.0	0.19559966
66.93908996582033	73.01974
4.470263671875003	7.339281
48.08399963378907	42.969402
0.7174530029296875	0.35245615
0.0	0.29566196
151.1031341552733	150.02217
20.983264160156253	26.476645
155.9320098876954	155.74365
16.74506225585939	20.950916
0.0	0.116062544
0.0	0.121771425
181.86689910888688	186.76273
0.0	0.2607686
98.2906816270617	95.572044
0.0	0.11199266
50.6625722249349	49.154015
0.0	0.18549277
0.0	0.16749452
18.78088073730472	20.149591
0.0	0.2546361
0.0	0.14167957
0.0	0.25096208
1.599578857421875	2.677593
0.5061848958333333	0.29932168
16.581828308105493	18.255545
63.07562255859379	67.28365
0.74420166015625	1.4599385
0.1535992431640626	0.26861736
0.0	0.11466548
0.0	0.12885533
0.0	0.12878393
0.0	0.29013732
0.0	0.3241672
23.035866631401927	24.477562
46.18624572753906	50.687843
0.0	0.19288546
0.0	0.16429606
0.0	0.11373128
192.2286590576174	194.10835
0.0	0.2514672
0.8651199340820316	0.8427659
0.0	0.2572317
0.0	0.1795342
0.0	0.2506344
0.0	0.10579875
166.85111083984378	167.22511
12.075280761718782	14.964426
0.2670220269097222	0.22016577
0.0	0.19168411
0.0	0.14484884
34.2316349574498	34.32915
49.03978424072265	54.22629
0.0	0.19869234
0.0	0.16638467
0.0	0.15598859
32.76021118164062	28.750132
34.921206665039065	35.73549
0.0	0.16298884
0.0	0.20915091
1.9849186650028938	0.9699693
0.0	0.16926251
18.65194854736329	17.42579
0.0	0.16533722
61.65716552734375	89.044876
99.51709899902356	99.95463
0.0	0.110134885
132.65291442871109	127.87697
16.6926964653863	19.983736
109.34655303955068	108.91337
0.0	0.21645227
0.0	0.26356867
36.34869384765626	57.429962
25.4779307047526	28.336637
0.0	0.11340521
82.76350250244141	84.26667
0.0	0.11413681
0.0	0.118035726
0.0	0.21433206
5.6936676025390645	4.929642
0.0	0.21362394
179.13246154785188	178.70969
0.0	0.64147294
0.0	0.10759182
0.0	0.12644216
0.0	0.3368853
201.9182495117186	199.89655
0.0	0.22951068
21.27117614746096	21.515593
0.0	0.15207367
151.7527740478515	153.87206
127.13046569824208	134.68184
0.0	0.28910476
0.0	0.13186719
11.034082031250025	13.289105
92.60052490234376	93.847725
41.349581909179705	37.474445
7.499655151367188	9.803354
151.3963806152344	152.39592
25.781506347656272	29.73188
82.98132324218756	79.015884
0.8294440375434033	0.40363693
0.0	0.62490606
0.0	0.109948486
39.83484802246095	48.082714
104.51393432617196	105.686676
0.0	0.118707426
0.0	0.12065766
0.0	0.1811754
0.744049072265625	0.4947356
106.2067214965821	106.370995
7.303290473090278	10.255718
172.49962005615245	177.011
128.7870071411131	137.05351
0.0	0.1396368
183.0298553466799	182.29134
0.0	0.22253841
18.64497985839844	21.458916
64.1443603515625	66.42496
0.0	0.21533221
0.7403310139973959	0.95065135
0.8456395467122398	1.5739032
0.0	0.124399014
163.1742004394533	166.0768
0.0	0.20051616
157.62878265380888	160.46518
65.19583129882814	65.40852
98.89256625705296	106.10833
0.0	0.45977432
0.0	0.19506611
0.0	0.11074549
62.252339680989564	54.800472
215.1075103759765	201.41751
22.10042724609376	22.994104
0.0	0.15507047
150.92049102783193	157.32974
215.9190124511721	202.64984
30.742079162597665	34.152054
4.7027206420898455	13.005093
80.44892311096191	83.27563
13.919451904296904	18.67768
8.370005289713541	7.084465
14.128785705566424	14.551269
17.95516357421875	18.953495
7.255030822753906	9.739464
178.87275695800795	179.57634
0.0	0.18863687
0.8514480590820312	1.148356
0.0	0.11453833
162.5038757324219	169.00664
140.41166687011702	144.21344
191.33810424804705	177.67017
143.876838684082	144.26756
43.06295776367187	45.403313
7.228390502929687	8.274407
91.81409149169916	94.164764
85.230078125	89.517555
0.0	0.17721121
0.0	0.13040519
24.284007263183604	30.071074
16.357391357421868	21.610743
0.0	0.17840818
147.92304534912105	153.83836
0.0	0.35135296
0.0	0.10788977
0.0	0.19175828
0.0	0.32380134
0.0	0.11155187
0.0	0.14722086
206.74281921386745	198.24663
0.0	0.10266218
0.0	0.27212793
43.01004486083987	47.005432
0.0	0.23049693
143.20079650878907	141.6999
3.641548156738282	2.404914
0.0	0.14670156
94.76460435655385	102.806564
142.47526380750875	150.17043
172.26041259765609	171.18686
0.0	0.26074553
103.90291900634772	99.98912
23.44088592529297	23.279959
185.25341186523443	169.05602
31.33885023328994	29.04672
122.03358798556856	117.76043
0.0	0.15118729
0.0	0.2240921
0.0	0.1658292
0.0	0.1227598
0.0	0.16452606
3.774593353271485	3.8622615
118.9526916503909	124.99135
131.2360382080079	138.6662
1.9464874267578123	1.3361251
31.37850799560547	27.37405
0.0	0.13136321
0.0	0.25233462
191.08649444580084	186.54175
0.0	0.17938311
21.10577087402343	21.778746
0.0	0.25968835
0.0	0.1324147
117.84033203125009	118.89358
169.3821853637697	170.25592
98.78016967773452	100.62696
160.541673932757	163.3703
9.7677963256836	14.414213
0.7704345703125004	0.42825708
206.197203063965	201.54889
0.0	0.22567187
182.1218093872072	189.31075
11.295566134982655	14.150414
142.3356109619142	144.2844
0.743596394856771	1.1571307
0.0	0.23769556
0.0	0.15658514
84.75206451416015	97.59438
5.272851943969727	7.827101
0.0	0.26050988
0.0	0.2948802
0.3845748901367189	0.25823036
0.0	0.16022353
0.0	0.11989566
57.037017822265625	61.581528
0.0	0.17677285
0.0	0.15706201
0.0	0.13132064
0.0	0.33547115
2.20281982421875	1.5680028
74.31549377441408	77.636284
0.0	0.11262192
0.0	0.20060629
0.0	0.12572338
0.0	0.16519485
0.0	0.23901798
47.44477386474609	41.9493
0.3887583414713542	0.47225937
0.0	0.19788931
0.7186279296875	0.30075672
92.14545593261718	95.07415
0.0	0.24862497
176.82459716796896	158.63327
0.0	0.13131745
69.10328369140626	75.12805
46.40519561767581	49.787666
0.0	0.10539244
211.62562255859388	201.45825
0.5124664306640625	0.29066715
51.31526336669922	54.486588
108.6900344848634	107.20428
0.0	0.26945007
48.60244750976564	48.794556
10.715034484863285	14.436411
64.08047943115241	65.34394
0.0	0.1625472
0.0	0.14217462
2.47580909729004	1.2455682
212.6489486694335	201.78087
197.7339447021483	196.66916
0.0	0.1962115
0.731121826171875	0.26664457
0.0	0.37701783
19.301460266113292	23.00286
0.0	0.2943341
0.0	0.20202273
0.0	0.35710526
0.7935078938802084	1.1853256
0.0	0.2192241
0.0	0.15408547
54.98293457031251	60.48996
17.27450256347657	15.283914
0.0	0.21320203
44.8496551513672	50.44427
70.8102279663086	72.14026
0.0	0.29851034
0.0	0.35474354
0.0	0.23722915
35.74335479736328	40.297436
0.0	0.20117414
167.23169114854602	170.06491
5.78378634982639	6.421064
0.0	0.32122368
90.990153503418	89.22651
0.0	0.10435011
0.0	0.1324572
177.7760986328128	179.08139
0.0	0.3349082
0.0	0.13096544
0.0	0.15228441
0.0	0.108155444
0.0	0.13623023
0.0	0.1360712
180.1711730957033	183.54369
114.99437255859372	112.39292
0.0	0.12622589
0.0	0.10398123
0.4998046875	0.4934452
158.5043678283695	167.95491
0.0	0.25989997
0.0	0.1913371
201.2132675170897	196.04395
7.046020507812504	9.180358
74.2277535385227	17.272768
174.0759475708008	174.8166
0.0	0.23783633
0.0	0.19530234
156.3589553833007	158.69496
6.719154357910158	9.904495
163.22845611572265	169.86206
196.41064453125017	196.83604
0.0	0.195798
42.4376693725586	44.82848
171.49362182617202	172.4588
0.0	0.23179781
0.0	0.17407848
0.0	0.20252801
0.0	0.12815306
190.86903991699236	183.5942
5.794273812430248	5.2151294
22.8701416015625	23.55092
0.0	0.257696
175.32665100097668	175.56987
74.38387603759766	74.151764
0.0	0.13644888
0.0	0.11724868
0.0	0.21286808
0.0	0.120111376
0.0	0.2043762
200.1139358520508	185.02652
105.05687798394104	100.26979
0.0	0.10219251
0.0	0.111827366
0.0	0.24466538
140.29757690429693	155.66574
83.25387268066407	86.89687
0.0	0.12576227
158.89014892578112	164.64429
0.0	0.13795312
206.723211669922	199.61412
31.17162017822266	29.173988
0.0	0.107152514
0.0	0.19386521
3.0923889160156266	3.325011
8.148956298828125	4.843686
145.8203643798827	148.51514
33.846553039550805	35.716183
169.32640838623072	171.70558
0.0	0.24703619
82.60643463134767	85.42125
201.62894744873051	199.27008
0.0	0.2565473
0.0	0.2800737
0.24994998508029517	0.18486968
0.7712860107421879	0.7369393
8.980356852213543	11.1895485
91.16834716796878	91.458374
0.0	0.15371533
159.09262084960957	164.80974
0.0	0.24401996
0.0	0.19616628
190.15023464626745	192.41353
0.538970947265625	0.25242478
36.20826110839848	43.009304
0.0	0.13044538
195.8956726074219	198.25873
0.0	0.1349766
0.0	0.15291911
16.7776641845703	20.601484
18.57621307373049	22.588156
63.78250579833985	66.3091
156.4074584960938	157.98184
95.5462142944336	94.01575
192.54142608642587	184.61331
0.4100074768066407	0.54875267
0.0	0.17635842
44.81332855224612	50.643932
0.0	0.20884483
0.0	0.28961575
0.0	0.21947
91.84632568359376	91.93219
0.0	0.30091932
0.0	0.10323328
0.0	0.11492017
0.0	0.25950596
30.406002807617188	26.452917
0.0	0.1233197
0.0	0.434534
199.03986053466804	198.45273
0.0	0.26410556
0.0	0.1956213
198.37423553466803	196.90355
127.69296569824247	127.701195
0.0	0.106303364
0.0	0.2154928
0.0	0.3345841
129.7695510864258	129.69504
28.548463439941408	29.287018
0.0	0.13723385
0.0	0.48577246
0.0	0.15609337
148.2021636962892	148.82298
194.09568634033192	195.0595
0.224090576171875	0.15903689
0.0	0.24093124
0.0	0.12886004
0.789098103841146	0.22397096
9.918801201714407	13.244146
0.0	0.1167677
6.27068583170573	6.7526674
0.0	0.35433874
0.0	0.41360432
0.0	0.11315578
77.7874496459961	83.910126
0.0	0.27725464
169.57589111328122	170.6771
0.803807576497396	0.55545896
0.0	0.10507905
187.17878553602432	191.89699
0.0	0.14123507
0.0	0.16232985
0.0	0.12116078
0.0	0.14905149
0.0	0.2551192
208.7756347656249	200.70668
200.2479583740236	199.14198
143.0654373168943	143.58794
16.623347473144523	6.0491967
0.0	0.24962638
0.0	0.23222545
0.7402191162109375	0.31036338
0.0	0.13743576
0.0	0.12065058
0.0	0.14461398
0.0	0.13509116
0.74090576171875	0.96428883
27.31859436035158	43.634888
0.0	0.25570148
0.0	0.13572535
9.411911010742193	12.127071
98.60022888183587	97.002785
103.4538947211372	110.58032
22.55005187988281	27.850073
36.5032653808594	32.424168
157.08644782172323	158.92307
126.51046600341807	141.12337
197.11309509277348	192.48032
172.5813034057619	172.62302
0.0	0.2637826
0.0	0.17828089
0.0	0.21502826
0.7845611572265626	1.1013446
0.7584686279296879	1.225357
59.42580871582031	62.127647
0.0	0.11050599
196.54486762152789	196.76117
197.5164382934573	192.60612
0.0	0.42605343
21.985969543457063	22.826859
0.0	0.16814691
91.59425354003906	96.25576
0.0	0.23301645
194.3581558227539	195.49161
15.38910980224612	15.185374
23.26348876953125	23.802702
0.0	0.37597215
5.126458740234376	2.467087
0.0	0.1943078
159.36865234375003	161.29645
0.0	0.19427411
0.0	0.20746505
174.20607910156258	189.4322
0.0	0.20400837
0.0	0.2532973
135.85850067138665	149.19246
0.0	0.1520312
17.00234069824219	19.193918
200.5262130737306	192.70749
72.7706281873915	73.37819
72.99267796107702	75.10111
0.0	0.1290387
19.278219223022464	16.617403
67.19012603759768	66.21859
0.0	0.12063253
0.0	0.35361788
52.84418792724614	58.92831
0.0	0.21624985
202.6165267944338	199.91098
0.0	0.20074138
0.0	0.15676345
132.81349182128918	137.47836
0.0	0.17566599
0.0	0.26015946
2.308314514160157	0.67018336
0.0	0.13106136
20.05455322265625	16.82487
118.71111755371108	121.913795
0.0	0.38365185
0.0	0.16465424
144.59506479899085	145.11455
60.5493667602539	66.68389
0.0	0.124797754
140.6434127807617	141.08707
0.0	0.16492625
0.0	0.13611743
0.0	0.12530488
134.35785827636718	138.26381
0.0	0.20748939
106.2692306518555	112.98419
0.0	0.22470199
0.0	0.23182763
15.494004821777372	20.415785
1.3457641601562518	1.4354638
0.0	0.12775904
0.3082580566406251	0.25377965
53.45757620675224	58.426563
0.0	0.13584065
0.0	0.18186888
0.0	0.12718676
0.0	0.24104698
0.0	0.15040508
189.0658706665039	190.99065
161.58133850097676	169.70467
2.891586303710937	0.8531276
197.73882751464825	191.56206
66.21054077148439	68.71057
0.0	0.12787417
62.849661254882804	68.86802
84.59782562255859	87.00405
71.57481842041017	72.51756
85.45879974365229	95.635376
0.0	0.39667648
75.464599609375	77.96787
9.380627441406252	9.86797
0.0	0.120827705
0.0	0.10554466
0.0	0.14571682
55.34182128906252	56.010532
7.423115539550781	3.0901546
3.311203002929689	2.759814
0.0	0.24303198
193.82485961914048	193.01804
151.0601837158204	149.3511
0.0	0.13843738
6.893606567382813	13.425492
0.0	0.18967855
183.5208267211913	189.64583
160.939468383789	167.80405
134.2594207763674	138.22926
167.36603088378928	168.51866
0.7935028076171879	0.38821724
0.49168904622395854	0.21977058
0.0	0.12958656
0.8117523193359376	1.2560666
0.0	0.11445281
92.23179931640632	81.99328
60.02963426378038	60.44743
0.0	0.24619362
0.0	0.12918726
0.0	0.24699217
0.0	0.18322113
167.8674774169923	168.99408
0.0	0.12421014
164.6652374267579	164.74554
0.8006235758463541	1.0576947
6.31360321044922	4.588464
23.73424530029298	22.849543
179.4485290527346	183.77745
0.0	0.36798936
0.0	0.11492504
195.46194915771488	196.56596
3.8621887207031285	3.20054
0.0	0.10463933
0.0	0.12239194
160.1548370361329	162.8288
62.516854858398446	71.483185
7.048129272460946	6.0278726
10.604550170898456	15.228329
0.0	0.12893844
0.0	0.2340476
0.0	0.13083738
0.0	0.32489613
35.90328301323786	33.20606
58.80327758789065	60.211872
0.0	0.15957935
0.0	0.14312696
0.0	0.1809578
195.2391067504884	193.42938
155.5737319946291	155.77415
0.0	0.28981915
0.0	0.24956271
19.48901577999717	2.0987365
0.0	0.25343752
57.67812652587892	59.33355
10.089435153537346	14.964587
0.0	0.2548578
0.0	0.4020845
0.0	0.15757823
0.0	0.14137323
0.0	0.1957342
0.0	0.2289534
117.42298126220706	122.51543
3.837200927734376	4.3910694
0.0	0.18154353
154.6590393066407	155.0232
0.0	0.13704307
125.1898696899417	128.21703
162.16782294379377	161.8769
0.0	0.20024979
0.92130126953125	0.44301182
0.0	0.17800757
0.0	0.2496226
0.0	0.27246225
0.0	0.105924085
0.0	0.5223115
7.05228000217014	3.7875607
0.7869873046875	0.37983677
0.0	0.30873325
0.0	0.13036937
40.22580108642581	40.57749
0.0	0.21362375
0.0	0.3936567
0.0	0.14151269
62.80897521972658	66.61935
196.7884475708008	196.13457
0.770538330078125	0.36301762
0.0	0.24076535
0.0	0.11041625
0.0	0.13435163
0.0	0.25185812
0.0	0.15001182
0.0	0.22075118
0.0	0.105905764
85.2731719970703	92.01092
0.0	0.26007593
0.0	0.19170839
31.29789123535157	28.008038
0.0	0.20504244
0.0	0.17345583
0.0	0.4008873
123.51247253417972	124.068504
150.373257446289	162.26808
0.0	0.18816884
0.0	0.119303174
14.6400360107422	13.360804
170.01503448486324	185.36581
0.0	0.3313989
6.171696472167971	7.089675
0.0	0.22975475
0.0	0.13137954
177.38375006781678	183.7085
0.0	0.12806764
0.0	0.24100198
6.532757568359377	5.0514984
181.48183441162104	179.85287
142.66753997802738	143.3905
124.248930358887	126.903885
171.53574981689437	175.20944
0.0	0.38547963
149.77124328613309	152.15771
111.0797164916991	110.41826
0.7254638671875	0.3353962
18.652717590332053	23.187002
0.0	0.16990016
198.6775100708007	189.81848
